{
  "generated_at": "2026-03-06T17:20:18.486142+00:00",
  "strategy_diagnostics": [
    {
      "strategy_variant": "rsi_trend_v1(rsi_window=75,ema_window=400,rsi_long=55,rsi_short=45,adx_window=75,adx_threshold=22.0)",
      "strategy": "rsi_trend_v1",
      "trades": 403,
      "win_rate": 0.02977667493796526,
      "total_return": -0.7852516169611714,
      "net_pnl": -78.52516169611714,
      "fees_paid": 16.35671215839736,
      "gas_paid": 40.29999999999985,
      "total_cost": 56.65671215839721,
      "cost_to_abs_pnl": 0.7215102896273149,
      "avg_trades_per_day": 4.477950538215209,
      "rotation_exit_share": 0.0,
      "halted_due_to_capital": false,
      "flags": [
        "low_hit_rate"
      ]
    },
    {
      "strategy_variant": "donchian_breakout_v1(breakout_window=200,ema_window=400,adx_window=75,adx_threshold=22.0,vol_window=150,vol_mult=1.0)",
      "strategy": "donchian_breakout_v1",
      "trades": 433,
      "win_rate": 0.03233256351039261,
      "total_return": -0.7565022021605836,
      "net_pnl": -75.65022021605836,
      "fees_paid": 18.577810030904143,
      "gas_paid": 43.29999999999968,
      "total_cost": 61.87781003090382,
      "cost_to_abs_pnl": 0.8179461983610848,
      "avg_trades_per_day": 4.811296732127011,
      "rotation_exit_share": 0.0,
      "halted_due_to_capital": false,
      "flags": [
        "low_hit_rate"
      ]
    },
    {
      "strategy_variant": "macd_adx_v1(fast=50,slow=150,signal=30,adx_window=75,adx_threshold=22.0)",
      "strategy": "macd_adx_v1",
      "trades": 450,
      "win_rate": 0.02666666666666667,
      "total_return": -0.7529117827488273,
      "net_pnl": -75.29117827488272,
      "fees_paid": 18.872263972110705,
      "gas_paid": 44.99999999999958,
      "total_cost": 63.87226397211029,
      "cost_to_abs_pnl": 0.8483366237000197,
      "avg_trades_per_day": 5.0001929086770325,
      "rotation_exit_share": 0.0,
      "halted_due_to_capital": false,
      "flags": [
        "low_hit_rate"
      ]
    },
    {
      "strategy_variant": "supertrend_v1(atr_window=100,multiplier=3.0,adx_window=100,adx_threshold=25.0)",
      "strategy": "supertrend_v1",
      "trades": 334,
      "win_rate": 0.1377245508982036,
      "total_return": -0.7021221650040482,
      "net_pnl": -70.21221650040482,
      "fees_paid": 14.478042945913378,
      "gas_paid": 33.40000000000024,
      "total_cost": 47.87804294591362,
      "cost_to_abs_pnl": 0.6819047358466112,
      "avg_trades_per_day": 3.7112542922180642,
      "rotation_exit_share": 0.0,
      "halted_due_to_capital": false,
      "flags": [
        "low_hit_rate"
      ]
    },
    {
      "strategy_variant": "macd_adx_v1(fast=100,slow=250,signal=50,adx_window=100,adx_threshold=25.0)",
      "strategy": "macd_adx_v1",
      "trades": 321,
      "win_rate": 0.14018691588785046,
      "total_return": -0.6850890733132392,
      "net_pnl": -68.50890733132391,
      "fees_paid": 13.807549031119692,
      "gas_paid": 32.100000000000314,
      "total_cost": 45.907549031120006,
      "cost_to_abs_pnl": 0.6700960622405078,
      "avg_trades_per_day": 3.5668042748562834,
      "rotation_exit_share": 0.0,
      "halted_due_to_capital": false,
      "flags": [
        "low_hit_rate"
      ]
    },
    {
      "strategy_variant": "donchian_breakout_v1(breakout_window=300,ema_window=500,adx_window=100,adx_threshold=25.0,vol_window=200,vol_mult=1.2)",
      "strategy": "donchian_breakout_v1",
      "trades": 327,
      "win_rate": 0.12538226299694188,
      "total_return": -0.6338424575124821,
      "net_pnl": -63.38424575124821,
      "fees_paid": 14.572212227860003,
      "gas_paid": 32.70000000000028,
      "total_cost": 47.27221222786028,
      "cost_to_abs_pnl": 0.7458038139852656,
      "avg_trades_per_day": 3.6334735136386436,
      "rotation_exit_share": 0.0,
      "halted_due_to_capital": false,
      "flags": [
        "low_hit_rate"
      ]
    },
    {
      "strategy_variant": "rsi_trend_v1(rsi_window=100,ema_window=500,rsi_long=58,rsi_short=42,adx_window=100,adx_threshold=25.0)",
      "strategy": "rsi_trend_v1",
      "trades": 301,
      "win_rate": 0.14950166112956811,
      "total_return": -0.6280785643967175,
      "net_pnl": -62.807856439671745,
      "fees_paid": 13.651088589630586,
      "gas_paid": 30.100000000000293,
      "total_cost": 43.75108858963088,
      "cost_to_abs_pnl": 0.6965862404754207,
      "avg_trades_per_day": 3.344573478915082,
      "rotation_exit_share": 0.0,
      "halted_due_to_capital": false,
      "flags": [
        "low_hit_rate"
      ]
    },
    {
      "strategy_variant": "trend_pullback_v1(fast=100,slow=400,atr_window=75,adx_window=75,adx_threshold=22.0,pullback_atr_mult=1.2)",
      "strategy": "trend_pullback_v1",
      "trades": 314,
      "win_rate": 0.10191082802547771,
      "total_return": -0.5893140090129029,
      "net_pnl": -58.93140090129029,
      "fees_paid": 15.815350949210508,
      "gas_paid": 31.40000000000031,
      "total_cost": 47.215350949210816,
      "cost_to_abs_pnl": 0.8011917284691097,
      "avg_trades_per_day": 3.4890234962768627,
      "rotation_exit_share": 0.0,
      "halted_due_to_capital": false,
      "flags": [
        "low_hit_rate"
      ]
    },
    {
      "strategy_variant": "donchian_breakout_v1(breakout_window=500,ema_window=600,adx_window=150,adx_threshold=28.0,vol_window=300,vol_mult=1.3)",
      "strategy": "donchian_breakout_v1",
      "trades": 170,
      "win_rate": 0.35294117647058826,
      "total_return": -0.27188285756626585,
      "net_pnl": -27.188285756626584,
      "fees_paid": 9.719599122646068,
      "gas_paid": 17.000000000000107,
      "total_cost": 26.719599122646173,
      "cost_to_abs_pnl": 0.9827614496119462,
      "avg_trades_per_day": 1.8889617655002124,
      "rotation_exit_share": 0.0,
      "halted_due_to_capital": false,
      "flags": []
    },
    {
      "strategy_variant": "macd_adx_v1(fast=150,slow=350,signal=75,adx_window=150,adx_threshold=28.0)",
      "strategy": "macd_adx_v1",
      "trades": 125,
      "win_rate": 0.344,
      "total_return": -0.2389208100657353,
      "net_pnl": -23.892081006573534,
      "fees_paid": 7.042478266089892,
      "gas_paid": 12.500000000000043,
      "total_cost": 19.542478266089937,
      "cost_to_abs_pnl": 0.8179479326523766,
      "avg_trades_per_day": 1.388942474632509,
      "rotation_exit_share": 0.0,
      "halted_due_to_capital": false,
      "flags": [
        "low_hit_rate"
      ]
    },
    {
      "strategy_variant": "trend_pullback_v1(fast=150,slow=500,atr_window=100,adx_window=100,adx_threshold=25.0,pullback_atr_mult=1.5)",
      "strategy": "trend_pullback_v1",
      "trades": 118,
      "win_rate": 0.4067796610169492,
      "total_return": -0.23554126369060802,
      "net_pnl": -23.554126369060796,
      "fees_paid": 6.295098979023153,
      "gas_paid": 11.800000000000033,
      "total_cost": 18.095098979023184,
      "cost_to_abs_pnl": 0.768234775321226,
      "avg_trades_per_day": 1.3111616960530885,
      "rotation_exit_share": 0.0,
      "halted_due_to_capital": false,
      "flags": []
    },
    {
      "strategy_variant": "supertrend_v1(atr_window=150,multiplier=3.5,adx_window=150,adx_threshold=28.0)",
      "strategy": "supertrend_v1",
      "trades": 126,
      "win_rate": 0.3253968253968254,
      "total_return": -0.22285552596986535,
      "net_pnl": -22.285552596986534,
      "fees_paid": 7.046340125519525,
      "gas_paid": 12.600000000000044,
      "total_cost": 19.64634012551957,
      "cost_to_abs_pnl": 0.8815729401377356,
      "avg_trades_per_day": 1.4000540144295692,
      "rotation_exit_share": 0.0,
      "halted_due_to_capital": false,
      "flags": [
        "low_hit_rate"
      ]
    },
    {
      "strategy_variant": "rsi_trend_v1(rsi_window=150,ema_window=600,rsi_long=60,rsi_short=40,adx_window=150,adx_threshold=28.0)",
      "strategy": "rsi_trend_v1",
      "trades": 99,
      "win_rate": 0.35353535353535354,